Consensus_Site	Consensus_envelope_protein_E_DENV1_1_Site	Consensus_envelope_protein_E_DENV2_1_Site	Consensus_envelope_protein_E_DENV3_1_Site	Consensus_envelope_protein_E_DENV4_1_Site
0	0	0	0	0
1	1	1	1	1
2	2	2	2	2
3	3	3	3	3
4	4	4	4	4
5	5	5	5	5
6	6	6	6	6
7	7	7	7	7
8	8	8	8	8
9	9	9	9	9
10	10	10	10	10
11	11	11	11	11
12	12	12	12	12
13	13	13	13	13
14	14	14	14	14
15	15	15	15	15
16	16	16	16	16
17	17	17	17	17
18	18	18	18	18
19	19	19	19	19
20	20	20	20	20
21	21	21	21	21
22	22	22	22	22
23	23	23	23	23
24	24	24	24	24
25	25	25	25	25
26	26	26	26	26
27	27	27	27	27
28	28	28	28	28
29	29	29	29	29
30	30	30	30	30
31	31	31	31	31
32	32	32	32	32
33	33	33	33	33
34	34	34	34	34
35	35	35	35	35
36	36	36	36	36
37	37	37	37	37
38	38	38	38	38
39	39	39	39	39
40	40	40	40	40
41	41	41	41	41
42	42	42	42	42
43	43	43	43	43
44	44	44	44	44
45	45	45	45	45
46	46	46	46	46
47	47	47	47	47
48	48	48	48	48
49	49	49	49	49
50	50	50	50	50
51	51	51	51	51
52	52	52	52	52
53	53	53	53	53
54	54	54	54	54
55	55	55	55	55
56	56	56	56	56
57	57	57	57	57
58	58	58	58	58
59	59	59	59	59
60	60	60	60	60
61	61	61	61	61
62	62	62	62	62
63	63	63	63	63
64	64	64	64	64
65	65	65	65	65
66	66	66	66	66
67	67	67	67	67
68	68	68	68	68
69	69	69	69	69
70	70	70	70	70
71	71	71	71	71
72	72	72	72	72
73	73	73	73	73
74	74	74	74	74
75	75	75	75	75
76	76	76	76	76
77	77	77	77	77
78	78	78	78	78
79	79	79	79	79
80	80	80	80	80
81	81	81	81	81
82	82	82	82	82
83	83	83	83	83
84	84	84	84	84
85	85	85	85	85
86	86	86	86	86
87	87	87	87	87
88	88	88	88	88
89	89	89	89	89
90	90	90	90	90
91	91	91	91	91
92	92	92	92	92
93	93	93	93	93
94	94	94	94	94
95	95	95	95	95
96	96	96	96	96
97	97	97	97	97
98	98	98	98	98
99	99	99	99	99
100	100	100	100	100
101	101	101	101	101
102	102	102	102	102
103	103	103	103	103
104	104	104	104	104
105	105	105	105	105
106	106	106	106	106
107	107	107	107	107
108	108	108	108	108
109	109	109	109	109
110	110	110	110	110
111	111	111	111	111
112	112	112	112	112
113	113	113	113	113
114	114	114	114	114
115	115	115	115	115
116	116	116	116	116
117	117	117	117	117
118	118	118	118	118
119	119	119	119	119
120	120	120	120	120
121	121	121	121	121
122	122	122	122	122
123	123	123	123	123
124	124	124	124	124
125	125	125	125	125
126	126	126	126	126
127	127	127	127	127
128	128	128	128	128
129	129	129	129	129
130	130	130	130	130
131	131	131	131	131
132	132	132	132	132
133	133	133	133	133
134	134	134	134	134
135	135	135	135	135
136	136	136	136	136
137	137	137	137	137
138	138	138	138	138
139	139	139	139	139
140	140	140	140	140
141	141	141	141	141
142	142	142	142	142
143	143	143	143	143
144	144	144	144	144
145	145	145	145	145
146	146	146	146	146
147	147	147	147	147
148	148	148	148	148
149	149	149	149	149
150	150	150	150	150
151	151	151	151	151
152	152	152	152	152
153	153	153	153	153
154	154	154	154	154
155	155	155	-	155
156	156	156	-	156
157	157	157	155	157
158	158	158	156	158
159	159	159	157	159
160	160	160	158	160
161	161	161	159	161
162	162	162	160	162
163	163	163	161	163
164	164	164	162	164
165	165	165	163	165
166	166	166	164	166
167	167	167	165	167
168	168	168	166	168
169	169	169	167	169
170	170	170	168	170
171	171	171	169	171
172	172	172	170	172
173	173	173	171	173
174	174	174	172	174
175	175	175	173	175
176	176	176	174	176
177	177	177	175	177
178	178	178	176	178
179	179	179	177	179
180	180	180	178	180
181	181	181	179	181
182	182	182	180	182
183	183	183	181	183
184	184	184	182	184
185	185	185	183	185
186	186	186	184	186
187	187	187	185	187
188	188	188	186	188
189	189	189	187	189
190	190	190	188	190
191	191	191	189	191
192	192	192	190	192
193	193	193	191	193
194	194	194	192	194
195	195	195	193	195
196	196	196	194	196
197	197	197	195	197
198	198	198	196	198
199	199	199	197	199
200	200	200	198	200
201	201	201	199	201
202	202	202	200	202
203	203	203	201	203
204	204	204	202	204
205	205	205	203	205
206	206	206	204	206
207	207	207	205	207
208	208	208	206	208
209	209	209	207	209
210	210	210	208	210
211	211	211	209	211
212	212	212	210	212
213	213	213	211	213
214	214	214	212	214
215	215	215	213	215
216	216	216	214	216
217	217	217	215	217
218	218	218	216	218
219	219	219	217	219
220	220	220	218	220
221	221	221	219	221
222	222	222	220	222
223	223	223	221	223
224	224	224	222	224
225	225	225	223	225
226	226	226	224	226
227	227	227	225	227
228	228	228	226	228
229	229	229	227	229
230	230	230	228	230
231	231	231	229	231
232	232	232	230	232
233	233	233	231	233
234	234	234	232	234
235	235	235	233	235
236	236	236	234	236
237	237	237	235	237
238	238	238	236	238
239	239	239	237	239
240	240	240	238	240
241	241	241	239	241
242	242	242	240	242
243	243	243	241	243
244	244	244	242	244
245	245	245	243	245
246	246	246	244	246
247	247	247	245	247
248	248	248	246	248
249	249	249	247	249
250	250	250	248	250
251	251	251	249	251
252	252	252	250	252
253	253	253	251	253
254	254	254	252	254
255	255	255	253	255
256	256	256	254	256
257	257	257	255	257
258	258	258	256	258
259	259	259	257	259
260	260	260	258	260
261	261	261	259	261
262	262	262	260	262
263	263	263	261	263
264	264	264	262	264
265	265	265	263	265
266	266	266	264	266
267	267	267	265	267
268	268	268	266	268
269	269	269	267	269
270	270	270	268	270
271	271	271	269	271
272	272	272	270	272
273	273	273	271	273
274	274	274	272	274
275	275	275	273	275
276	276	276	274	276
277	277	277	275	277
278	278	278	276	278
279	279	279	277	279
280	280	280	278	280
281	281	281	279	281
282	282	282	280	282
283	283	283	281	283
284	284	284	282	284
285	285	285	283	285
286	286	286	284	286
287	287	287	285	287
288	288	288	286	288
289	289	289	287	289
290	290	290	288	290
291	291	291	289	291
292	292	292	290	292
293	293	293	291	293
294	294	294	292	294
295	295	295	293	295
296	296	296	294	296
297	297	297	295	297
298	298	298	296	298
299	299	299	297	299
300	300	300	298	300
301	301	301	299	301
302	302	302	300	302
303	303	303	301	303
304	304	304	302	304
305	305	305	303	305
306	306	306	304	306
307	307	307	305	307
308	308	308	306	308
309	309	309	307	309
310	310	310	308	310
311	311	311	309	311
312	312	312	310	312
313	313	313	311	313
314	314	314	312	314
315	315	315	313	315
316	316	316	314	316
317	317	317	315	317
318	318	318	316	318
319	319	319	317	319
320	320	320	318	320
321	321	321	319	321
322	322	322	320	322
323	323	323	321	323
324	324	324	322	324
325	325	325	323	325
326	326	326	324	326
327	327	327	325	327
328	328	328	326	328
329	329	329	327	329
330	330	330	328	330
331	331	331	329	331
332	332	332	330	332
333	333	333	331	333
334	334	334	332	334
335	335	335	333	335
336	336	336	334	336
337	337	337	335	337
338	338	338	336	338
339	339	339	337	339
340	340	340	338	340
341	341	341	339	341
342	342	342	340	342
343	343	343	341	343
344	344	344	342	344
345	345	345	343	345
346	346	346	344	346
347	347	347	345	347
348	348	348	346	348
349	349	349	347	349
350	350	350	348	350
351	351	351	349	351
352	352	352	350	352
353	353	353	351	353
354	354	354	352	354
355	355	355	353	355
356	356	356	354	356
357	357	357	355	357
358	358	358	356	358
359	359	359	357	359
360	360	360	358	360
361	361	361	359	361
362	362	362	360	362
363	363	363	361	363
364	364	364	362	364
365	365	365	363	365
366	366	366	364	366
367	367	367	365	367
368	368	368	366	368
369	369	369	367	369
370	370	370	368	370
371	371	371	369	371
372	372	372	370	372
373	373	373	371	373
374	374	374	372	374
375	375	375	373	375
376	376	376	374	376
377	377	377	375	377
378	378	378	376	378
379	379	379	377	379
380	380	380	378	380
381	381	381	379	381
382	382	382	380	382
383	383	383	381	383
384	384	384	382	384
385	385	385	383	385
386	386	386	384	386
387	387	387	385	387
388	388	388	386	388
389	389	389	387	389
390	390	390	388	390
391	391	391	389	391
392	392	392	390	392
393	393	393	391	393
394	394	394	392	394
395	395	395	393	395
396	396	396	394	396
397	397	397	395	397
398	398	398	396	398
399	399	399	397	399
400	400	400	398	400
401	401	401	399	401
402	402	402	400	402
403	403	403	401	403
404	404	404	402	404
405	405	405	403	405
406	406	406	404	406
407	407	407	405	407
408	408	408	406	408
409	409	409	407	409
410	410	410	408	410
411	411	411	409	411
412	412	412	410	412
413	413	413	411	413
414	414	414	412	414
415	415	415	413	415
416	416	416	414	416
417	417	417	415	417
418	418	418	416	418
419	419	419	417	419
420	420	420	418	420
421	421	421	419	421
422	422	422	420	422
423	423	423	421	423
424	424	424	422	424
425	425	425	423	425
426	426	426	424	426
427	427	427	425	427
428	428	428	426	428
429	429	429	427	429
430	430	430	428	430
431	431	431	429	431
432	432	432	430	432
433	433	433	431	433
434	434	434	432	434
435	435	435	433	435
436	436	436	434	436
437	437	437	435	437
438	438	438	436	438
439	439	439	437	439
440	440	440	438	440
441	441	441	439	441
442	442	442	440	442
443	443	443	441	443
444	444	444	442	444
445	445	445	443	445
446	446	446	444	446
447	447	447	445	447
448	448	448	446	448
449	449	449	447	449
450	450	450	448	450
451	451	451	449	451
452	452	452	450	452
453	453	453	451	453
454	454	454	452	454
455	455	455	453	455
456	456	456	454	456
457	457	457	455	457
458	458	458	456	458
459	459	459	457	459
460	460	460	458	460
461	461	461	459	461
462	462	462	460	462
463	463	463	461	463
464	464	464	462	464
465	465	465	463	465
466	466	466	464	466
467	467	467	465	467
468	468	468	466	468
469	469	469	467	469
470	470	470	468	470
471	471	471	469	471
472	472	472	470	472
473	473	473	471	473
474	474	474	472	474
475	475	475	473	475
476	476	476	474	476
477	477	477	475	477
478	478	478	476	478
479	479	479	477	479
480	480	480	478	480
481	481	481	479	481
482	482	482	480	482
483	483	483	481	483
484	484	484	482	484
485	485	485	483	485
486	486	486	484	486
487	487	487	485	487
488	488	488	486	488
489	489	489	487	489
490	490	490	488	490
491	491	491	489	491
492	492	492	490	492
493	493	493	491	493
494	494	494	492	494
